Issue Type,Summary,Description,Priority,Labels,Components,Status
Story,"[DevEx]: As a developer, I want a Vitest test suite with coverage so that I can validate service stubs and renderer logic confidently.","h2. User Story Statement
As a developer
I want to run a fast, coverage-aware unit test suite
So that I can catch regressions early and track how much code is exercised

h2. Context / Background
Project started without any test infrastructure. Vitest was selected to match the ESM/JSX stack and provide v8 coverage without a separate runner.

Related Issues: SEN-002

h2. Acceptance Criteria
- [x] AC 1: npm test runs all tests with no manual configuration
- [x] AC 2: Coverage is collected via v8 provider and written to coverage/
- [x] AC 3: All 127 tests across 15 suites pass on a clean install
- [x] AC 4: Each proxy service stub has at least one test confirming it exports an object

h2. Technical Notes
- vitest.config.js with jsdom environment and @testing-library/react
- Test files under src/main/__tests__/ and src/renderer/__tests__/

h2. Definition of Done
- [x] Unit tests passed
- [x] Code reviewed
- [x] QA verified locally
- [x] Documentation updated (TEST_COVERAGE.md)",Medium,"sentinel,devex,completed,tests","DevEx",Done
Story,"[DevEx]: As a developer, I want .gitignore set correctly so that build artifacts and tooling config are not committed.","h2. User Story Statement
As a developer
I want the .gitignore to exclude generated and local-only directories
So that only source-controlled files appear in PRs and commit history

h2. Context / Background
Dist, node_modules, .vscode, and .github were being tracked or risked being tracked.

h2. Acceptance Criteria
- [x] AC 1: /dist is excluded
- [x] AC 2: /node_modules is excluded
- [x] AC 3: /.vscode and /.github are excluded
- [x] AC 4: No coverage/ or test output directories are committed

h2. Technical Notes
Entries live at repo root .gitignore.

h2. Definition of Done
- [x] Unit tests passed
- [x] Code reviewed
- [x] QA verified locally
- [x] Documentation updated",Low,"sentinel,devex,completed,gitignore","DevEx",Done
Story,"[DevEx]: As a developer, I want unused packaging artifact folders removed so that the repository does not contain unreferenced third-party files.","h2. User Story Statement
As a developer
I want orphaned vendor folders purged from the repo
So that the workspace is lean and build output is not polluted

h2. Context / Background
m/, mini/, and dom/ were framer-motion packaging artifacts with no imports in the app. Identified via directory scan.

h2. Acceptance Criteria
- [x] AC 1: m/, mini/, and dom/ folders are deleted
- [x] AC 2: npx gulp build succeeds after deletion
- [x] AC 3: npm run start launches without errors after deletion

h2. Technical Notes
No source files imported these folders. Safe to delete.

h2. Definition of Done
- [x] Unit tests passed
- [x] Code reviewed
- [x] QA verified locally
- [x] Documentation updated",Low,"sentinel,devex,completed,cleanup","DevEx",Done
Story,"[Docs]: As a contributor, I want an accurate README so that I can understand the project structure, stack, and how to run it.","h2. User Story Statement
As a new contributor
I want a README that reflects the actual file tree, scripts, and tech stack
So that I can onboard quickly without guessing at missing context

h2. Context / Background
The original README did not reflect the Sentinel scope, planning items, or current component structure.

Related Issues: SEN-005

h2. Acceptance Criteria
- [x] AC 1: README shows the current src/ file tree with TODO annotations on stubs
- [x] AC 2: Tech stack section lists Electron, React, Chakra UI, Gulp, Vitest
- [x] AC 3: Scripts (dev, start, test) are documented with their purpose
- [x] AC 4: TODO scope section lists the 10 outstanding sentinel implementation items
- [x] AC 5: Planned Changes roadmap highlights are present

h2. Definition of Done
- [x] Unit tests passed
- [x] Code reviewed
- [x] QA verified locally
- [x] Documentation updated",Medium,"sentinel,docs,completed,readme","Documentation",Done
Story,"[Docs]: As a project lead, I want planning docs updated with Burp, HackerOne, and custom-script TODO items so that the full intended scope is tracked.","h2. User Story Statement
As a project lead
I want planning documents to record all three integration TODOs
So that no intended scope item is missing from milestone planning

h2. Context / Background
Burp Suite project config import, HackerOne CSV ingestion, and custom-script automation were identified as required features not yet in any planning doc.

Related Issues: SEN-004, SEN-016, SEN-017, SEN-018

h2. Acceptance Criteria
- [x] AC 1: SENTINEL_IMPLEMENTATION_PLAN.md contains Burp Suite import entry under M5
- [x] AC 2: SENTINEL_IMPLEMENTATION_PLAN.md contains HackerOne CSV ingestion under M5
- [x] AC 3: SENTINEL_IMPLEMENTATION_PLAN.md contains custom-script automation under M8
- [x] AC 4: APP_COMPLETION_AND_TEST_CHECKLIST.md mirrors all three additions

h2. Definition of Done
- [x] Unit tests passed
- [x] Code reviewed
- [x] QA verified locally
- [x] Documentation updated",Low,"sentinel,docs,completed,planning","Documentation",Done
Story,"[Renderer]: As a developer, I want the renderer entry point renamed from app.jsx to main.jsx so that it is unambiguous from the App.jsx root component.","h2. User Story Statement
As a developer
I want the bootstrapper file named main.jsx and the root UI component named App.jsx
So that the distinction between entry point and root component is immediately clear

h2. Context / Background
app.jsx and App.jsx coexisted. Renaming the lowercase entry to main.jsx follows React ecosystem conventions.

h2. Acceptance Criteria
- [x] AC 1: src/renderer/js/app.jsx is renamed to src/renderer/js/main.jsx
- [x] AC 2: gulpfile.js jsEntry points to main.jsx
- [x] AC 3: All doc references updated (README, checklists, instruction files)
- [x] AC 4: Build and tests pass after rename

h2. Technical Notes
- gulpfile.js paths.jsEntry value updated

h2. Definition of Done
- [x] Unit tests passed (127 passing)
- [x] Code reviewed
- [x] QA verified locally
- [x] Documentation updated",Low,"sentinel,renderer,completed,rename","Renderer",Done
Story,"[Renderer/Shell]: As a security analyst, I want a Sentinel workspace shell so that I can navigate between security testing modules in a single window.","h2. User Story Statement
As a security analyst
I want module navigation, tabbed workspace panes, and global proxy status controls in the app shell
So that I can move between modules and manage the proxy without losing context

h2. Context / Background
App.jsx previously had only version info. The shell needed module buttons, pane strip, status badges, and a pause/resume proxy control.

Related Issues: SEN-008

h2. Acceptance Criteria
- [x] AC 1: Module navigation buttons render for Dashboard, Proxy, History, Repeater, Intruder, Target, Scanner, Decoder, Extensions
- [x] AC 2: Clicking a module opens or focuses a pane in the workspace strip
- [x] AC 3: Panes can be closed (minimum 1 pane enforced)
- [x] AC 4: Global status badges show proxy state, project name, and scope mode
- [x] AC 5: Pause/Resume proxy toggle button changes badge color and label
- [x] AC 6: Sidebar shows Active Context and Planned Integrations cards

h2. Definition of Done
- [x] Unit tests passed
- [x] Code reviewed
- [x] QA verified locally
- [x] Documentation updated",High,"sentinel,renderer,completed,shell","Renderer",Done
Story,"[Renderer/Panels]: As a developer, I want all 12 sentinel panel stubs converted to real React components so that the module navigation can render actual UI.","h2. User Story Statement
As a developer
I want each sentinel panel to be a proper exported React component
So that the workspace shell can render the correct panel when a pane is selected

h2. Context / Background
All 12 panel files were comment-only TODO stubs with no JSX. The shell's render call required real components.

Related Issues: SEN-007

h2. Acceptance Criteria
- [x] AC 1: All 12 panel files export a named React function component via module.exports
- [x] AC 2: Each panel renders a Heading and Text placeholder describing planned functionality
- [x] AC 3: App.jsx imports all active panels and renders via a modulePanels map
- [x] AC 4: Selecting a pane renders the correct panel component
- [x] AC 5: Build and 127 tests pass

h2. Technical Notes
Panels include DashboardShell, ProxyPanel, HistoryPanel, RepeaterPanel, IntruderPanel, TargetMapPanel, ScannerPanel, DecoderPanel, ExtensionsPanel, EmbeddedBrowserPanel, OobPanel, SequencerPanel

h2. Definition of Done
- [x] Unit tests passed
- [x] Code reviewed
- [x] QA verified locally
- [x] Documentation updated",High,"sentinel,renderer,completed,panels","Renderer",Done
Story,"[Renderer/Shell]: As a security analyst, I want the sidebar status card to show panel-specific fields so that I always see relevant context for the active module.","h2. User Story Statement
As a security analyst
I want the Active Context sidebar card to reflect fields specific to whichever pane is open
So that I can see proxy queue depth, scope count, or findings without switching panels

h2. Context / Background
The sidebar previously showed generic fields. Panel-specific fields make it contextually useful.

Related Issues: SEN-007

h2. Acceptance Criteria
- [x] AC 1: Each module has a defined set of status fields (label plus state key)
- [x] AC 2: Switching panes updates the sidebar card to show that module's fields
- [x] AC 3: Default values are seeded from defaultPanelStatus
- [x] AC 4: Fields render as Code values alongside their labels
- [x] AC 5: Build succeeds

h2. Technical Notes
panelStatusFields and defaultPanelStatus live in App.jsx. State held in panelStatus.

h2. Definition of Done
- [x] Unit tests passed
- [x] Code reviewed
- [x] QA verified locally
- [x] Documentation updated",Medium,"sentinel,renderer,completed,status","Renderer",Done
Story,"[Bug]: As a user, I want the app window to render content on startup so that I am not presented with a blank screen.","h2. User Story Statement
As a user
I want the app to render the workspace shell on launch
So that I can begin using the tool immediately without a blank-screen failure

h2. Context / Background
Divider was removed in Chakra UI v3 and replaced by Separator. Using the removed import caused a render error and left the window blank.

h2. Acceptance Criteria
- [x] AC 1: Divider import replaced with Separator in App.jsx
- [x] AC 2: Divider JSX replaced with Separator JSX in the render output
- [x] AC 3: npm run start opens a fully rendered workspace shell with no console errors

h2. Technical Notes
Chakra UI v3 migration: Divider to Separator.

h2. Definition of Done
- [x] Unit tests passed
- [x] Code reviewed
- [x] QA verified locally
- [x] Documentation updated",High,"sentinel,bug,completed,chakra","Renderer",Done
Story,"[M0/Architecture]: As a tech lead, I want a locked IPC contract and traffic data model so that all feature modules build to the same interface.","h2. User Story Statement
As a tech lead
I want canonical types for HTTP traffic events and a versioned IPC contract map before any service coding begins
So that feature modules do not need structural rewrites when integrated

h2. Context / Background
No contracts exist yet. Milestone 0 gates all downstream milestones.

Related Issues: SEN-012, SEN-013

h2. Acceptance Criteria
- [x] AC 1: A canonical traffic model is defined and documented
- [x] AC 2: A full IPC contract map is published listing every channel, its direction, payload shape, and expected response
- [x] AC 3: A DB schema and migration version strategy is defined for project files
- [x] AC 4: No feature module begins implementation without confirmed contract alignment

h2. Technical Notes
- Relevant files: src/main/index.js, src/main/preload.js, src/main/db/project-store.js
- Consider a contracts/ folder with typed schema definitions

h2. Definition of Done
- [x] Unit tests passed
- [x] Code reviewed
- [x] QA verified in Staging
- [x] Documentation updated",Highest,"sentinel,architecture,completed,m0","Architecture",Done
Story,"[M1/Platform]: As a developer, I want project persistence with crash-safe writes so that analyst work is never silently lost.","h2. User Story Statement
As a developer
I want a real-time project store backed by SQLite that survives crashes
So that analysts do not lose rules, scope, history, or module state on unexpected exit

h2. Context / Background
src/main/db/project-store.js now implements a SQLite-backed store with migration bootstrap, crash-safe writes, and integrity checks.

Related Issues: SEN-011, SEN-013

h2. Acceptance Criteria
- [x] AC 1: A project file is created on first launch and loaded on subsequent launches
- [x] AC 2: Traffic history, rules, scope, and module state are persisted incrementally
- [x] AC 3: Crash-safe write pattern is used
- [x] AC 4: Recovery integrity check runs on project load and reports corruption clearly
- [x] AC 5: Project file version is stored and migration strategy handles older versions

h2. Technical Notes
- src/main/db/project-store.js
- SQLite3 is already in dependencies
- WAL + synchronous=FULL enabled for crash-safe writes
- Integrity validated via PRAGMA quick_check on open
- Integration tests added in src/main/__tests__/project-store.test.js

h2. Definition of Done
- [x] Unit tests passed
- [x] Code reviewed
- [x] QA verified in Staging
- [x] Documentation updated",Highest,"sentinel,platform,completed,m1,persistence","Platform",Done
Story,"[M1/Platform]: As a developer, I want CA certificate generation and lifecycle management so that the proxy can perform TLS interception.","h2. User Story Statement
As a developer
I want the app to generate, store, and rotate a local CA certificate
So that the proxy can perform TLS MITM and analysts can install the CA into their trust store

h2. Context / Background
src/main/certs/ca-manager.js now implements CA bootstrap, export, rotation, and leaf certificate caching for TLS interception workflows.

Related Issues: SEN-011, SEN-014

h2. Acceptance Criteria
- [x] AC 1: A CA key pair is generated on first run and persisted securely
- [x] AC 2: The CA certificate is exportable for user trust-store installation
- [x] AC 3: Per-host leaf certs are generated on demand and cached
- [x] AC 4: Rotation invalidates old leaf certs and regenerates the CA on request
- [x] AC 5: OS-specific trust installation guidance is surfaced in the UI

h2. Technical Notes
- src/main/certs/ca-manager.js
- Consider node-forge or native crypto for cert generation

h2. Definition of Done
- [x] Unit tests passed
- [x] Code reviewed
- [x] QA verified in Staging
- [x] Documentation updated",Highest,"sentinel,platform,completed,m1,certificates","Platform",Done
Story,"[M2/Proxy]: As a security analyst, I want an intercepting proxy so that I can pause, edit, and forward HTTP/S traffic.","h2. User Story Statement
As a security analyst
I want to intercept live browser traffic, edit requests before they are forwarded, and apply match/replace rules automatically
So that I can inspect and manipulate web application traffic for security testing

h2. Context / Background
Core Sentinel MVP capability. Implemented in current branch with queue-based pause/edit/forward/drop controls, automatic rule application, and HTTP/1.1 interception.

Related Issues: SEN-011, SEN-012, SEN-013, SEN-015

h2. Acceptance Criteria
- [x] AC 1: HTTP/1.1 traffic flowing through the configured proxy port is intercepted
- [x] AC 2: The ProxyPanel UI shows intercepted requests in a queue
- [x] AC 3: Analyst can edit a request in the panel and forward the modified version
- [x] AC 4: Analyst can drop a request entirely
- [x] AC 5: Global pause/resume toggle stops all forwarding and resumes it
- [x] AC 6: Match/replace rules are applied automatically before forwarding
- [x] AC 7: All traffic is logged to the history store with request and response

h2. Technical Notes
- src/main/proxy/intercept-engine.js, protocol-support.js, rules-engine.js, history-log.js
- src/renderer/js/components/sentinel/ProxyPanel.jsx, HistoryPanel.jsx
- http-mitm-proxy is already in dependencies

h2. Definition of Done
- [x] Unit tests passed
- [x] Code reviewed
- [x] QA verified in Staging
- [x] Documentation updated",Highest,"sentinel,proxy,completed,m2,intercept","Proxy",Done
Story,"[M2/Proxy]: As a security analyst, I want searchable traffic history so that I can find and inspect earlier requests across a session.","h2. User Story Statement
As a security analyst
I want all proxied traffic stored and searchable by host, path, status, and method
So that I can revisit any captured request without it scrolling off screen

h2. Context / Background
history-log.js now persists request/response pairs, supports paginated filtering (host/path/method/status), and powers direct handoff to repeater/intruder bridge services.

Related Issues: SEN-014

h2. Acceptance Criteria
- [x] AC 1: Every proxied request/response pair is written to the history store
- [x] AC 2: HistoryPanel renders a paginated, filterable list of captured items
- [x] AC 3: Filter supports host, path prefix, HTTP method, and status code
- [x] AC 4: History persists across app restart
- [x] AC 5: Analyst can send any history item to Repeater or Intruder directly

h2. Technical Notes
- src/main/proxy/history-log.js, src/renderer/js/components/sentinel/HistoryPanel.jsx

h2. Definition of Done
- [x] Unit tests passed
- [x] Code reviewed
- [x] QA verified in Staging
- [x] Documentation updated",High,"sentinel,proxy,completed,m2,history","Proxy",Done
Story,"[M3/Repeater]: As a security analyst, I want to replay and modify captured requests so that I can manually probe endpoints repeatedly.","h2. User Story Statement
As a security analyst
I want to load any captured request into a Repeater tab, edit it, send it, and inspect the response in Raw, Hex, or Rendered mode
So that I can iteratively test inputs and observe responses without resetting browser state

h2. Context / Background
repeater-service.js implements editable replay with response viewers and per-send history, and depends on history handoff workflows.

Related Issues: SEN-015

h2. Acceptance Criteria
- [x] AC 1: Any history item can be sent to a new Repeater tab
- [x] AC 2: Analyst can edit method, path, headers, and body before sending
- [x] AC 3: Response is displayed in Raw, Hex, and Rendered tabs
- [x] AC 4: Each send is stored in the Repeater item's local history
- [x] AC 5: Side-by-side diff view between two Repeater responses is available

h2. Technical Notes
- src/main/proxy/repeater-service.js, src/renderer/js/components/sentinel/RepeaterPanel.jsx

h2. Definition of Done
- [x] Unit tests passed
- [x] Code reviewed
- [x] QA verified locally
- [x] Documentation updated",High,"sentinel,repeater,completed,m3","Repeater",Done
Story,"[M4/Intruder]: As a security analyst, I want an automated payload attack engine so that I can brute-force and fuzz web application inputs.","h2. User Story Statement
As a security analyst
I want to define payload positions on a captured request, select a payload source, run an attack, and triage results by anomaly indicators
So that I can efficiently enumerate and identify vulnerable input parameters

h2. Context / Background
intruder-engine.js now runs real payload attacks against marked request templates, streams progress over IPC, and stores sortable/anomaly-aware results. Depends on history handoff and the shared forwarding primitive from SEN-016.

Related Issues: SEN-016

h2. Acceptance Criteria
- [x] AC 1: Analyst can mark one or more positions in a request template
- [x] AC 2: Payload sources include dictionary file, brute-force charset, and sequential numeric
- [x] AC 3: Attack profiles include single-point, pitchfork, and cluster bomb
- [x] AC 4: Attack progress is shown with a live results table
- [x] AC 5: Results are sortable and filterable by status code, response length, and response time
- [x] AC 6: Anomalous results are highlighted automatically based on baseline deviation

h2. Technical Notes
- src/main/proxy/intruder-engine.js, src/renderer/js/components/sentinel/IntruderPanel.jsx
- src/main/index.js, src/main/preload.js, src/contracts/ipc-contract.js, src/renderer/js/components/sentinel/HistoryPanel.jsx
- Marker-based request templating uses §value§ placeholders with per-position payload sources
- Intruder runtime emits intruder:progress and exposes intruder:list for panel/history integration
- Tests include src/main/proxy/__tests__/sen17-intruder.test.js and src/renderer/js/components/sentinel/__tests__/IntruderPanel.real.test.jsx

h2. Definition of Done
- [x] Unit tests passed
- [x] Code reviewed
- [x] QA verified locally
- [x] Documentation updated",Highest,"sentinel,intruder,completed,m4","Intruder",Done
Story,"[M5/Target]: As a security analyst, I want scope management with Burp and HackerOne import so that I can define and enforce target boundaries quickly.","h2. User Story Statement
As a security analyst
I want to define scope by host/domain/CIDR, import it from Burp project configs or HackerOne CSV exports, and have all automation modules respect those boundaries
So that I stay within authorised target scope and avoid testing out-of-scope assets

h2. Context / Background
target-mapper.js and TargetMapPanel.jsx now provide scope CRUD, Burp and HackerOne imports, persistence wiring, and sitemap visibility.

Related Issues: SEN-014

h2. Acceptance Criteria
- [x] AC 1: Analyst can add or remove scope entries by host, domain, IP, or CIDR range
- [x] AC 2: A site tree is generated from observed traffic and displays in or out of scope visually
- [x] AC 3: Burp Suite project configuration XML or JSON can be imported and scope rules extracted
- [x] AC 4: HackerOne CSV program exports can be ingested with field mapping and validation
- [x] AC 5: Imported include or exclude rules persist across restart
- [x] AC 6: All automation modules check scope before acting
- [x] AC 7: Out-of-scope items are visibly flagged in the UI

h2. Technical Notes
- src/main/proxy/target-mapper.js, src/main/db/project-store.js
- src/renderer/js/components/sentinel/TargetMapPanel.jsx, DashboardShell.jsx

h2. Definition of Done
- [x] Unit tests passed
- [x] Code reviewed
- [x] QA verified locally
- [x] Documentation updated",High,"sentinel,target,completed,m5,scope,import","Target",Done
Story,"[M6/Decoder]: As a security analyst, I want a chained decoder so that I can transform and reverse payloads in a single workflow.","h2. User Story Statement
As a security analyst
I want to paste arbitrary input, apply one or more transforms (Base64, URL, HTML, Hex, GZIP), and step through the chain in either direction
So that I can quickly decode obfuscated values or construct encoded payloads for testing

h2. Context / Background
decoder-service.js now provides chained transforms, reverse replay, and recursive processing with intermediate-step output.

Related Issues: SEN-011

h2. Acceptance Criteria
- [x] AC 1: Decoder supports Base64 encode and decode, URL encode and decode, HTML entity encode and decode, Hex, and GZIP
- [x] AC 2: Multiple transforms can be chained and applied in sequence
- [x] AC 3: Chain is reversible
- [x] AC 4: Each step in the chain shows intermediate output
- [x] AC 5: DecoderPanel renders the input area, step chain, and output area

h2. Technical Notes
- src/main/proxy/decoder-service.js, src/renderer/js/components/sentinel/DecoderPanel.jsx

h2. Definition of Done
- [x] Unit tests passed
- [x] Code reviewed
- [x] QA verified locally
- [x] Documentation updated",Medium,"sentinel,decoder,completed,m6","Decoder",Done
Story,"[M6/Browser]: As a security analyst, I want an embedded browser routed through the proxy so that I can browse targets without reconfiguring an external browser.","h2. User Story Statement
As a security analyst
I want to launch an embedded browser session that automatically routes all traffic through the Sentinel proxy
So that I can browse, authenticate, and capture traffic without external browser proxy setup

h2. Context / Background
embedded-browser-service.js now manages sessions and routes address-bar navigation through the Sentinel proxy listener.

Related Issues: SEN-014

h2. Acceptance Criteria
- [x] AC 1: Embedded browser opens within the EmbeddedBrowserPanel
- [x] AC 2: All embedded browser traffic is routed through the configured proxy listener
- [x] AC 3: Browser sessions appear in traffic history automatically
- [x] AC 4: Analyst can navigate to a URL from the panel address bar

h2. Technical Notes
- src/main/proxy/embedded-browser-service.js, src/renderer/js/components/sentinel/EmbeddedBrowserPanel.jsx
- Electron BrowserView or webview tag (sandboxed)

h2. Definition of Done
- [x] Unit tests passed
- [x] Code reviewed
- [x] QA verified locally
- [x] Documentation updated",Medium,"sentinel,browser,completed,m6","Browser",Done
Story,"[M7/Scanner]: As a security analyst, I want passive and active scanning so that I can identify common vulnerabilities automatically.","h2. User Story Statement
As a security analyst
I want the scanner to passively flag header and hygiene issues on observed traffic and actively probe for SQLi, XSS, and SSRF when triggered
So that I get automated vulnerability signals without replaying every request manually

h2. Context / Background
scanner-engine.js is implemented with passive checks, active probes, scope gating, and finding persistence.

Related Issues: SEN-015, SEN-018

h2. Acceptance Criteria
- [x] AC 1: Passive scanner runs automatically on all history items and flags security header issues, information disclosure, and cookie attribute deficiencies
- [x] AC 2: Active scanner can be triggered per-item or per-scope against selected hosts
- [x] AC 3: Active checks include SQL injection, reflected XSS, and SSRF primitives
- [x] AC 4: ScannerPanel shows a findings list with severity, description, and HTTP evidence
- [x] AC 5: Scanner respects scope rules and will not probe out-of-scope hosts
- [x] AC 6: Findings persist to the project store

h2. Technical Notes
- src/main/proxy/scanner-engine.js, src/renderer/js/components/sentinel/ScannerPanel.jsx

h2. Definition of Done
- [x] Unit tests passed
- [x] Code reviewed
- [x] QA verified in Staging
- [x] Documentation updated",Highest,"sentinel,scanner,completed,m7","Scanner",Done
Story,"[M7/OOB]: As a security analyst, I want OOB callback tracking so that I can detect blind injection vulnerabilities.","h2. User Story Statement
As a security analyst
I want out-of-band probe payloads generated that phone home to a listener, with callbacks correlated back to the originating request
So that I can confirm blind SSRF, blind XSS, and blind XXE without relying on response differences

h2. Context / Background
oob-service.js is implemented with payload generation, callback listener capture, and hit correlation.

Related Issues: SEN-021

h2. Acceptance Criteria
- [x] AC 1: Unique OOB payload URLs are generated per probe
- [x] AC 2: A callback listener records incoming connections with timestamp, source, and payload token
- [x] AC 3: Callbacks are correlated to originating scanner or intruder probes in the UI
- [x] AC 4: OobPanel shows all received callbacks with linked source requests

h2. Technical Notes
- src/main/proxy/oob-service.js, src/renderer/js/components/sentinel/OobPanel.jsx

h2. Definition of Done
- [x] Unit tests passed
- [x] Code reviewed
- [x] QA verified in Staging
- [x] Documentation updated",High,"sentinel,oob,completed,m7","OOB",Done
Story,"[M7/Sequencer]: As a security analyst, I want token entropy analysis so that I can assess the predictability of session tokens.","h2. User Story Statement
As a security analyst
I want to collect a sample of tokens from a target, run entropy and predictability analysis, and receive a clear analyst summary
So that I can identify weak session token generation without manual statistical analysis

h2. Context / Background
sequencer-service.js is implemented with capture sessions, replay sampling, entropy checks, and exportable reports.

Related Issues: SEN-016

h2. Acceptance Criteria
- [x] AC 1: Analyst can select a token field from a captured response
- [x] AC 2: Sequencer collects a configurable sample size by replaying the originating request
- [x] AC 3: Entropy metrics are calculated
- [x] AC 4: SequencerPanel renders a summary with a pass/fail rating and raw metrics
- [x] AC 5: Results are exportable

h2. Technical Notes
- src/main/proxy/sequencer-service.js, src/renderer/js/components/sentinel/SequencerPanel.jsx

h2. Definition of Done
- [x] Unit tests passed
- [x] Code reviewed
- [x] QA verified in Staging
- [x] Documentation updated",Medium,"sentinel,sequencer,completed,m7","Sequencer",Done
Story,"[M8/Extensions]: As a developer, I want an extension host with a safe API so that third-party tools can integrate with Sentinel without breaking security boundaries.","h2. User Story Statement
As a developer or power user
I want to load and unload extensions that can hook into proxy events, scanner findings, and scope transitions using a defined API
So that Sentinel can be extended with custom workflows without modifying core code

h2. Context / Background
extension-host.js now provides a VM-isolated extension runtime with permission approval, event subscriptions, timeout watchdog execution, and structured audit logs surfaced in ExtensionsPanel.

Related Issues: SEN-011

h2. Acceptance Criteria
- [x] AC 1: Extensions are loaded from a designated directory and listed in ExtensionsPanel
- [x] AC 2: Each extension declares required permissions and user approves on load
- [x] AC 3: Extensions can subscribe to proxy intercept, scanner finding, and scope transition events
- [x] AC 4: Extensions run in an isolated context with a timeout watchdog
- [x] AC 5: Extension unload is clean and does not leave dangling listeners
- [x] AC 6: An audit log records all extension-triggered actions

h2. Technical Notes
- src/main/proxy/extension-host.js, src/renderer/js/components/sentinel/ExtensionsPanel.jsx

h2. Definition of Done
- [x] Unit tests passed
- [x] Code reviewed
- [x] QA verified in Staging
- [x] Documentation updated",Medium,"sentinel,extensions,completed,m8","Extensions",Done
Story,"[M8/Automation]: As a power user, I want a custom-script automation runtime so that I can define trigger-based actions without writing a full extension.","h2. User Story Statement
As a power user
I want to write lightweight scripts that fire on proxy intercept events, scanner findings, or scope transitions with sandboxed execution, permission controls, and an audit log
So that I can automate repetitive testing workflows without modifying the core application

h2. Context / Background
Custom-script automation is implemented as a lightweight script runtime built on the extension host, with trigger mapping, sandbox execution, permission gating, timeout watchdogs, and shared audit logging.

Related Issues: SEN-024

h2. Acceptance Criteria
- [x] AC 1: Analyst can write and save scripts attached to one or more trigger types
- [x] AC 2: Scripts execute in a sandboxed runtime
- [x] AC 3: Script execution is gated by explicit user-defined permissions
- [x] AC 4: A configurable timeout kills hanging scripts and logs the failure
- [x] AC 5: All script executions are recorded in a structured audit log visible in the UI
- [x] AC 6: Scripts can read request and response data and emit findings or modified values

h2. Technical Notes
- src/main/proxy/extension-host.js shared runtime, src/renderer/js/components/sentinel/ExtensionsPanel.jsx

h2. Definition of Done
- [x] Unit tests passed
- [x] Code reviewed
- [x] QA verified in Staging
- [x] Documentation updated",Medium,"sentinel,automation,completed,m8","Extensions",Done
Story,"[M8/Hardening]: As a developer, I want a security hardening pass on IPC and renderer boundaries so that the app meets production security standards.","h2. User Story Statement
As a developer
I want to audit all IPC channels in preload, verify renderer boundary isolation, and resolve any OWASP-relevant issues before release
So that Sentinel itself is not a vector for privilege escalation or code injection

h2. Context / Background
preload.js now exposes a contract-mapped API surface with channel validation tests, while index.js enforces secure BrowserWindow flags and extension/script runtime boundaries. M8 hardening focuses on strict IPC mapping, input validation at handlers, and renderer boundary safety.

Related Issues: SEN-011, SEN-014

h2. Acceptance Criteria
- [x] AC 1: All IPC channels are enumerated and each has a documented security rationale
- [x] AC 2: No renderer-accessible API allows arbitrary code execution or file system access beyond project scope
- [x] AC 3: Input validation and sanitisation are applied at all IPC boundary entry points
- [x] AC 4: contextIsolation true, nodeIntegration false, and sandbox true are verified and enforced in production build
- [x] AC 5: A security review checklist is completed and signed off

h2. Technical Notes
- src/main/preload.js, src/main/index.js
- Reference OWASP Electron Security Checklist

h2. Definition of Done
- [x] Unit tests passed
- [x] Code reviewed
- [x] QA verified in Staging
- [x] Documentation updated",Highest,"sentinel,security,completed,m8,hardening","Security",Done
Story,"[UI/Workbench]: As a security analyst, I want a fixed-viewport workbench shell so that I can run multiple tools without losing screen space.","h2. User Story Statement
As a security analyst
I want a fixed desktop-style shell with an activity bar, tabbed workspace, collapsible panes, and a status bar
So that I can manage concurrent testing workflows in one responsive interface

h2. Context / Background
The current shell supports module panes but needs a dedicated workbench layout standard for high-density traffic workflows.

Related Issues: SEN-007, SEN-044

h2. Acceptance Criteria
- [x] AC 1: Root renderer shell uses fixed viewport h=100vh and overflow=hidden
- [x] AC 2: Left activity bar is implemented for all modules with quick actions and collapsed/expanded readability modes
- [x] AC 3: Main workspace supports concurrent tabs through a persistent tab strip
- [x] AC 4: Sidebar panels are collapsible and preserve state
- [x] AC 5: Bottom status bar shows engine state, active scans/tasks, and memory usage

h2. Technical Notes
- src/renderer/js/components/App.jsx
- src/renderer/js/components/sentinel/DashboardShell.jsx

h2. Definition of Done
- [x] Unit tests passed
- [x] Code reviewed
- [x] QA verified in Staging
- [x] Documentation updated",Highest,"sentinel,ui,workbench,completed,m9","Renderer,UX",Done
Story,"[UI/ProxyLog]: As a security analyst, I want a virtualized high-density proxy log so that the UI stays fast with very large traffic captures.","h2. User Story Statement
As a security analyst
I want the proxy/history list to render thousands of rows efficiently with compact formatting
So that I can inspect large captures without scroll lag or dropped frames

h2. Context / Background
Proxy and history surfaces will exceed 10000 items during long sessions; full DOM rendering is not acceptable.

Related Issues: SEN-015, SEN-043, SEN-046

h2. Acceptance Criteria
- [x] AC 1: Table/list uses @tanstack/react-table with react-window
- [x] AC 2: Host and Path columns use compact monospace styling
- [x] AC 3: Dataset over 10000 rows remains responsive during scroll and selection
- [x] AC 4: Row selection opens detail inspector without full table re-render pressure on the whole surface
- [x] AC 5: Performance validation notes are captured in PR/test notes

h2. Technical Notes
- src/renderer/js/components/sentinel/HistoryPanel.jsx
- src/renderer/js/components/sentinel/ProxyPanel.jsx

h2. Definition of Done
- [x] Unit tests passed
- [x] Code reviewed
- [x] QA verified in Staging
- [x] Documentation updated",Highest,"sentinel,ui,proxylog,virtualization,completed,m9","Renderer,Proxy",Done
Story,"[UI/Inspector]: As a security analyst, I want an advanced request/response inspector so that I can analyze traffic with protocol-aware views.","h2. User Story Statement
As a security analyst
I want a tabbed inspector with Headers, Raw, and Preview/Hex modes plus repeater handoff
So that I can quickly inspect and pivot requests into manual replay workflows

h2. Context / Background
Current inspector surfaces are functional but lack Monaco-based raw editing and structured sub-view navigation.

Related Issues: SEN-016, SEN-043, SEN-044

h2. Acceptance Criteria
- [x] AC 1: Raw view uses @monaco-editor/react with syntax highlighting for HTTP, JSON, and HTML
- [x] AC 2: Inspector provides sub-tabs for Headers, Raw, and Preview/Hex
- [x] AC 3: Headers view renders key-value pairs in a compact table
- [x] AC 4: Send to Repeater pushes selected request into shared state and opens/focuses a repeater tab
- [x] AC 5: Inspector updates are isolated from the list virtualization path

h2. Technical Notes
- src/renderer/js/components/sentinel/HistoryPanel.jsx
- src/renderer/js/components/sentinel/RepeaterPanel.jsx

h2. Definition of Done
- [x] Unit tests passed
- [x] Code reviewed
- [x] QA verified in Staging
- [x] Documentation updated",High,"sentinel,ui,inspector,completed,m9","Renderer,Repeater",Done
Story,"[UI/Streaming]: As a security analyst, I want buffered IPC streaming so that high-throughput capture does not freeze the renderer.","h2. User Story Statement
As a security analyst
I want main-process event streaming with throttled renderer updates
So that traffic capture and scanning remain responsive under heavy load

h2. Context / Background
Per-event React updates at high capture rates can cause excessive re-renders and memory churn.

Related Issues: SEN-014, SEN-021, SEN-044

h2. Acceptance Criteria
- [x] AC 1: High-volume proxy/scanner events are emitted from main and subscribed in renderer via preload on handlers
- [x] AC 2: Renderer applies buffered updates with 100-200ms flush cadence
- [x] AC 3: Top-level renderer state avoids unbounded arrays for live feeds
- [x] AC 4: Burst traffic test confirms UI remains interactive while events stream
- [x] AC 5: Channel contracts document incremental payload shapes

h2. Technical Notes
- src/main/index.js
- src/main/preload.js
- src/contracts/ipc-contract.js
- src/renderer/js/components/sentinel/HistoryPanel.jsx

h2. Definition of Done
- [x] Unit tests passed
- [x] Code reviewed
- [x] QA verified in Staging
- [x] Documentation updated",Highest,"sentinel,ui,ipc,streaming,completed,m9","Renderer,Electron,Performance",Done
Story,"[UI/Theme]: As a security analyst, I want a dark-first semantic theme so that severity and risk signals are clear at a glance.","h2. User Story Statement
As a security analyst
I want an industrial dark theme with explicit severity semantics and command navigation
So that I can interpret findings quickly in a consistent workbench aesthetic

h2. Context / Background
Theme needs a security-tool visual baseline with dark default, reduced radius, severity tokens, and keyboard navigation.

Related Issues: SEN-043, SEN-045

h2. Acceptance Criteria
- [x] AC 1: Chakra theme defaults to a dark-first workbench palette
- [x] AC 2: Severity semantic tokens are defined for critical, high, medium, low, and info
- [x] AC 3: Global border radius is reduced to sm or none
- [x] AC 4: Surface palette uses deep neutral canvas and elevated panels
- [x] AC 5: Command palette Ctrl+K is available for module navigation

h2. Technical Notes
- src/renderer/js/theme.js
- src/renderer/js/components/App.jsx

h2. Definition of Done
- [x] Unit tests passed
- [x] Code reviewed
- [x] QA verified in Staging
- [x] Documentation updated",High,"sentinel,ui,theme,completed,m9","Renderer,UX",Done
